{
    "normal_loss": 0.008325102739036083,
    "depth_loss": 0.2905852794647217
}