{
    "normal_loss": 0.012806272134184837,
    "depth_loss": 2.43916654586792
}